Temperature;Pressure;Altitude;AccX;AccY;AccZ
28.90;96463;412.89;4568;288;15024
28.90;96472;412.46;4500;296;15008
28.90;96463;412.64;4672;336;14936
28.90;96464;412.55;4992;684;14752
28.90;96470;413.07;5380;-1656;12080
28.90;96469;412.46;344;-14784;5236
28.90;96463;412.03;268;-13472;7588
28.90;96471;412.72;5304;-9984;11268
28.90;96471;412.55;4548;-724;15664
28.90;96470;412.81;4240;-1132;15148
28.90;96468;412.64;4396;-1488;14948
28.90;96465;412.72;4528;-1536;14888
28.90;96466;412.37;4460;-1280;15144
28.90;96472;412.55;4504;-1392;14976
28.90;96463;412.29;4408;-1444;14976
28.90;96467;412.72;4432;-1544;14896
28.90;96462;412.89;4528;-1520;14992
28.90;96463;412.98;4508;-1496;15036
28.90;96466;412.89;4556;-1264;15108
28.90;96467;413.15;5084;-380;15012
28.90;96460;412.89;6444;-1656;13368
28.90;96464;412.37;5752;496;14480
28.90;96470;412.98;6428;1028;14256
28.90;96465;412.55;2196;2604;14684
28.90;96467;412.03;356;652;15264
28.90;96467;412.55;904;-256;15268
28.90;96462;412.98;860;-228;15448
28.90;96466;412.72;1048;-176;15480
28.90;96467;412.89;856;-248;15460
28.90;96465;412.89;1012;-140;15468
28.90;96462;412.64;1000;-128;15544
28.90;96461;412.55;972;-104;15560
28.90;96470;412.37;88;-752;15128
28.90;96473;412.55;-1564;-1340;15904
28.90;96463;412.64;-3904;-408;15672
28.90;96463;412.37;-2032;-964;15520
28.90;96464;412.98;3072;-292;14588
28.90;96461;412.72;-1072;-1540;15416
28.90;96457;412.98;-1612;-456;14960
28.90;96464;413.15;504;-1404;15060
28.90;96463;412.64;2572;-1772;15296
28.90;96464;412.98;2940;-2712;15300
28.90;96457;413.24;6548;736;15200
28.90;96461;413.50;-268;-1584;16788
28.90;96458;413.42;5328;-804;14824
28.90;96459;413.07;360;3376;15100
28.90;96463;413.15;612;3964;14632
28.90;96456;413.15;264;3732;14860
28.90;96467;412.98;-636;3040;15136
29.00;96463;412.72;-908;2448;15076
29.00;96463;413.07;-664;2704;15388
29.00;96467;412.72;-888;1984;15288
29.00;96457;412.89;-1360;3404;14884
29.00;96467;413.07;-1276;2384;15024
29.00;96465;413.59;-264;2344;15712
29.00;96463;413.33;-1224;1868;15528
29.00;96461;412.20;288;-1708;15568
29.00;96464;413.15;568;-2828;16332
29.00;96461;413.85;-468;-2272;16024
29.00;96458;413.24;496;-3504;13580
29.00;96456;412.98;356;-3088;14264
29.00;96464;412.98;948;-2572;12420
29.00;96466;413.24;-844;-4052;13692
29.00;96455;412.98;1172;272;14272
29.00;96461;413.59;1016;-1092;13952
28.90;96458;413.24;1916;-1016;13760
28.90;96459;413.24;1252;936;17140
29.00;96458;413.24;656;916;15640
29.00;96459;413.15;1484;708;16300
29.00;96459;413.33;284;-680;18980
29.00;96460;412.81;1224;-888;15044
29.00;96471;412.89;1520;-1276;15284
29.00;96461;413.07;1236;-1592;13888
29.00;96460;412.89;-2404;-2232;14196
29.00;96465;412.98;-900;-848;15892
29.00;96461;413.24;-724;316;13020
29.00;96464;412.55;68;-2904;12076
29.00;96467;412.72;-1136;-4136;17216
29.00;96476;412.37;-224;-112;13332
29.00;96474;412.03;1088;-120;15484
29.00;96472;411.94;1128;16;15432
29.00;96470;412.72;1104;-60;15336
29.00;96476;412.37;976;-112;15348
29.00;96469;412.46;1116;-108;15312
29.00;96461;412.64;1056;-96;15528
29.00;96471;411.86;868;-120;15368
29.00;96471;412.64;1092;68;15412
29.00;96466;412.55;1052;-108;15528
29.00;96460;412.37;1076;-60;15572
29.00;96465;412.29;1104;-8;15448
29.00;96464;413.07;3340;-116;17260
29.00;96466;413.59;3348;-280;15324
29.00;96461;413.24;2144;340;17656
29.00;96456;412.72;2276;-776;18172
29.00;96465;413.24;568;2292;11472
29.00;96466;412.64;3916;-1556;7424
29.00;96474;411.77;12;636;15524
29.00;96463;412.81;2684;3964;23988
29.00;96459;413.07;2816;3040;11108
29.00;96454;413.59;1040;320;10552
29.00;96452;413.50;1224;-1416;13848
29.00;96460;413.24;452;852;14156
29.00;96463;413.42;-692;-444;12508
29.00;96468;412.98;2916;-3204;17940
29.00;96462;412.89;932;3004;19912
29.00;96462;413.50;-412;492;19064
29.00;96462;413.15;-560;1240;16516
29.00;96457;413.50;-1396;300;13420
29.00;96458;413.07;1332;636;13524
29.00;96466;412.37;2204;1692;9156
29.00;96469;412.12;4240;104;10904
29.00;96473;412.37;-1716;-936;17832
29.00;96484;410.90;-7244;2520;19900
29.00;96488;410.82;-660;324;12664
29.00;96489;410.21;-1212;-40;10328
28.90;96498;410.12;4988;-104;20192
28.90;96491;410.04;-576;-684;14864
28.80;96492;410.12;2296;-2952;13864
28.80;96499;410.12;420;532;9332
28.80;96502;409.60;-88;1560;8380
28.70;96495;409.43;-8;328;14500
28.60;96501;409.60;5912;-3336;15332
28.60;96501;409.69;1328;2684;13596
28.60;96498;409.69;-1420;3796;13584
28.60;96508;409.00;1712;648;16264
28.50;96505;409.00;5548;720;14744
28.50;96498;409.43;4184;800;15540
28.50;96498;409.60;1320;2720;15612
28.50;96498;409.52;1608;-144;10700
28.40;96510;408.65;5956;228;14132
28.40;96504;409.08;6736;1904;13240
28.40;96502;409.43;4312;-196;13956
28.40;96505;409.60;2440;3412;18272
28.30;96502;409.17;3548;4716;17068
28.30;96511;408.82;6424;-476;22456
28.30;96521;408.13;4736;-508;12856
28.30;96527;407.18;-1092;-88;14040
28.20;96530;406.66;3492;-1500;11092
28.10;96531;407.01;-1620;2956;11488
28.10;96540;406.49;-1044;2436;9912
28.10;96538;406.40;1904;2460;10244
28.10;96539;406.57;4968;2280;13996
28.00;96537;406.23;4316;1148;12968
27.90;96534;406.31;4784;236;13152
27.90;96530;406.66;1500;2468;15316
27.90;96536;406.05;3332;180;15604
27.90;96536;406.83;1400;-336;13720
27.90;96537;406.31;2028;292;15936
27.90;96535;405.88;3064;580;14780
27.90;96538;406.05;3220;-1760;15388
28.00;96533;406.75;3064;-1360;15172
27.90;96533;406.92;-2176;-528;14332
27.90;96537;406.40;4;276;18452
28.00;96530;407.09;1200;-4944;14540
28.00;96535;406.92;-88;-6320;13968
28.00;96535;406.75;472;-716;15424
28.00;96535;406.66;972;-12;15392
28.00;96529;406.49;1116;476;15684
28.00;96534;406.05;972;-88;15316
28.00;96539;407.01;800;-164;15452
28.00;96541;406.40;896;-80;15416
28.10;96541;406.05;840;-104;15512
28.10;96535;406.23;904;-64;15556
28.10;96536;406.57;1060;-88;15468
28.10;96542;406.14;764;-44;15560
28.10;96540;405.88;824;216;15700
28.10;96543;406.31;804;28;15540
28.10;96531;406.23;940;28;15420
28.10;96539;406.40;896;-136;15396
28.10;96537;406.57;908;-112;15464
28.10;96534;406.92;848;-20;15328
28.10;96534;407.01;872;-80;15460
28.10;96537;406.83;852;-84;15512
28.10;96536;407.09;808;-88;15424
28.10;96533;407.18;992;-60;15464
28.10;96530;407.09;880;-20;15508
28.10;96531;406.92;1084;232;15124
28.10;96537;407.26;936;192;15428
28.10;96535;406.57;1216;-152;15460
28.10;96529;407.96;912;84;15612
28.10;96534;406.75;880;-4;15348
28.10;96531;407.09;684;-104;15468
28.10;96534;406.83;848;-104;15300
28.10;96534;407.01;792;0;15272
28.10;96533;407.44;692;152;15616
28.20;96529;407.44;816;-52;15336
28.20;96527;406.92;920;16;15740
28.10;96535;407.01;804;-184;15544
28.20;96533;406.57;356;-16;15484
28.20;96534;406.49;692;-168;15524
28.20;96532;406.49;1784;56;16036
28.20;96532;406.92;1644;-172;15604
28.20;96535;407.01;-544;548;15228
28.20;96525;406.75;-928;-1024;14444
28.20;96533;406.66;-412;1028;14648
28.20;96532;406.66;1424;4644;14160
28.20;96536;406.49;1328;3060;14616
28.20;96535;407.01;568;2648;14452
28.20;96537;406.23;2344;2804;14652
28.20;96537;406.83;3244;2728;14548
28.20;96541;406.66;3188;2612;14556
28.20;96537;406.14;2628;2352;15112
28.20;96538;405.88;1504;2540;16064
28.20;96542;406.23;1892;2644;15148
28.20;96532;406.31;2200;2808;14588
28.20;96534;406.83;1012;2348;15432
28.20;96544;406.75;3216;2520;14956
28.20;96540;406.31;2412;2204;15544
28.20;96542;406.23;2272;-820;15852
28.20;96541;406.14;1316;-3688;14872
28.20;96544;406.40;1896;-2264;15048
28.20;96544;405.19;2680;-4812;15904
28.20;96572;404.67;-1908;-704;14064
28.20;96578;403.20;1384;-12;16128
28.20;96585;401.46;2920;120;15984
28.20;96597;400.51;4692;376;14656
28.20;96616;399.22;3236;-3108;16700
28.20;96623;399.82;3064;-1884;15508
28.20;96639;397.83;3756;3240;14800
28.20;96643;397.49;2344;-456;18500
28.20;96664;395.75;1716;-1372;17088
28.20;96683;394.02;2396;-816;11900
28.20;96681;393.08;5028;-384;14316
28.20;96700;391.60;6392;4576;13876
28.20;96716;390.83;3740;4440;16252
28.20;96740;388.92;3868;3928;16312
28.20;96753;388.15;468;4336;15908
28.20;96763;386.68;3644;3216;15524
28.20;96788;385.12;-1148;3308;23168
28.20;96799;383.22;4732;56;15120
28.20;96823;381.67;4844;-2664;14144
28.20;96827;381.32;5264;128;14876
28.20;96832;379.94;7608;420;13720
28.20;96848;380.28;7408;-1336;15584
28.20;96849;379.68;4976;-816;14744
28.20;96848;379.51;2464;-576;15204
28.20;96845;379.25;3208;984;15776
28.20;96849;379.85;1584;-392;15168
28.30;96848;379.68;1280;328;15404
28.20;96850;378.56;1572;-168;15756
28.30;96867;378.30;3024;-3368;15032
28.30;96873;376.92;5996;-5544;15220
28.30;96888;376.57;4272;-3536;16300
28.30;96904;375.10;5432;-1368;14744
28.30;96916;374.41;4148;2112;13188
28.30;96913;374.67;4628;3776;16768
28.30;96912;373.81;5856;-1452;14816
28.30;96920;373.03;5524;-2072;15084
28.30;96918;373.64;3840;-2236;15592
28.30;96923;374.15;1484;-1864;14392
28.30;96912;373.64;-376;-4328;15976
28.30;96914;373.55;-572;-3160;16816
28.30;96927;373.55;388;-1936;16344
28.30;96912;374.24;-1580;-1772;14772
28.30;96904;374.76;-1268;-628;15988
28.30;96901;375.54;-92;-448;14240
28.30;96891;376.14;-1792;-1136;14500
28.30;96881;376.40;-2168;-1152;14428
28.30;96873;377.87;-1952;900;15860
28.30;96857;378.21;-540;-1380;17352
28.30;96847;378.90;-1660;688;15004
28.30;96843;379.85;364;-700;14764
28.30;96828;381.24;2796;952;17188
28.40;96817;382.18;848;-1024;13532
28.40;96818;382.53;1408;-772;14640
28.40;96803;383.74;2984;-1128;16164
28.40;96796;384.00;1992;1952;18260
28.40;96793;384.95;2000;-2236;17740
28.40;96775;385.99;-224;812;15348
28.40;96767;386.24;-3340;488;13804
28.40;96757;387.20;-1676;596;15232
28.40;96747;388.41;-3928;-1808;16048
28.40;96733;389.70;700;20;15644
28.40;96727;389.96;-2780;164;18240
28.40;96709;391.60;-2148;-576;15540
28.40;96704;391.86;-2508;-2036;15876
28.40;96697;392.99;-3484;-1076;18484
28.40;96687;393.51;-704;1484;13360
28.40;96691;393.59;760;3396;11716
28.40;96682;394.20;-284;768;17300
28.40;96669;394.72;-928;424;19548
28.40;96650;397.23;-4448;-1736;22432
28.40;96646;396.88;80;1328;13072
28.40;96652;396.71;1816;-1404;13032
28.40;96655;396.62;628;-1900;14120
28.40;96664;395.84;3724;-1656;15736
28.40;96666;395.75;6988;140;21064
28.40;96671;394.46;6164;1732;13560
28.40;96682;393.68;1976;1476;14008
28.40;96681;393.85;2636;1996;12568
28.40;96695;393.33;1600;1080;17104
28.40;96705;391.69;1096;2696;14832
28.40;96716;390.74;2364;340;13368
28.40;96731;388.92;2572;-1984;17672
28.40;96754;387.97;1292;752;12544
28.50;96789;385.73;5152;-3680;12852
28.40;96808;382.79;5512;832;10432
28.50;96838;379.94;6024;-424;14196
28.40;96861;377.87;7356;-1104;11908
28.50;96877;377.00;4024;-4192;15420
28.50;96899;375.71;3080;-7216;19620
28.50;96918;373.98;4660;-6032;14972
28.50;96932;373.03;4696;-2056;17088
28.50;96934;372.17;2544;5164;15888
28.50;96941;370.70;3020;2744;13596
28.50;96951;370.27;1544;3044;13636
28.50;96971;369.41;-104;2900;11736
28.50;96986;367.51;2264;-776;14816
28.50;96986;367.85;2244;-3144;16968
28.50;97001;366.39;1572;3356;16036
28.50;97009;365.44;3320;3964;13624
28.50;97023;364.06;5704;3100;14724
28.50;97052;362.34;776;1064;21708
28.50;97065;360.53;2268;1460;16516
28.50;97086;358.54;992;-740;18200
28.50;97099;358.11;4272;-1320;15916
28.50;97121;356.82;4308;-660;10688
28.50;97118;356.30;5324;1384;15348
28.50;97141;354.92;5500;3096;14936
28.50;97143;353.72;3840;956;17292
28.50;97154;352.86;6880;880;15668
28.50;97171;351.57;7704;716;15104
28.50;97175;351.31;7160;964;15272
28.50;97181;350.79;5964;-100;14968
28.50;97172;351.22;3932;-76;14636
28.50;97175;351.48;4048;4;15140
28.50;97171;350.70;4124;-48;15000
28.50;97176;351.31;4180;28;15064
28.50;97181;351.31;1820;72;15572
28.50;97177;350.70;5876;-20;15048
28.50;97178;350.79;5600;388;15140
28.50;97178;351.31;2048;384;15284
28.50;97170;351.31;-1708;-1088;14140
28.50;97183;350.96;84;-1492;14892
28.50;97181;350.96;-440;-1608;13532
28.60;97192;350.62;1896;-2012;17704
28.50;97186;350.01;3100;-64;14084
28.50;97194;349.32;952;-824;16852
28.60;97209;349.07;472;1132;17416
28.60;97206;348.46;740;764;15636
28.60;97223;347.52;-1216;1136;18696
28.50;97223;347.35;1372;1508;15044
28.50;97229;347.00;480;1176;16444
28.50;97228;346.40;72;-956;15140
28.60;97244;345.62;1264;124;16260
28.60;97246;345.11;1520;616;14636
28.60;97247;344.59;1964;-1444;14512
28.60;97255;345.11;648;-348;16560
28.60;97254;344.59;284;-724;16196
28.60;97247;344.68;468;296;16556
28.60;97242;344.68;1036;-536;17712
28.60;97257;344.76;2140;4068;14036
28.60;97253;344.68;4160;3492;14760
28.60;97248;345.88;3024;-1064;13404
28.60;97247;345.45;2656;-7728;15868
28.60;97243;345.02;976;-5704;19288
28.60;97235;345.88;-2248;3604;18908
28.60;97238;347.43;-4112;7220;29072
28.60;97219;347.69;-1616;1996;13436
28.60;97203;348.46;-2976;-988;19676
28.60;97203;349.07;-3556;-544;16596
28.60;97199;350.01;1280;-1552;16828
28.60;97189;350.53;-252;-1056;13752
28.60;97177;351.65;-528;-1892;17108
28.60;97168;352.43;84;-104;15352
28.60;97165;352.77;1068;524;14176
28.60;97148;353.72;840;-556;16564
28.60;97145;353.89;2996;-480;13928
28.60;97143;354.49;700;1120;15372
28.60;97125;355.70;-2712;-1284;12392
28.60;97136;355.53;1416;600;13148
28.60;97131;355.10;4604;4768;17400
28.60;97128;355.18;-832;5708;13676
28.60;97131;355.35;2908;4556;12568
28.60;97136;354.92;1992;-624;15680
28.60;97145;354.23;3212;-5824;14012
28.60;97144;353.20;4408;-4172;16108
28.60;97165;352.43;1148;-968;14588
28.60;97162;352.08;412;-816;16496
28.60;97176;351.74;2060;-1228;15496
28.60;97183;351.13;1852;176;16864
28.60;97184;350.10;1736;500;15008
28.60;97195;349.76;3580;-3128;15724
28.60;97209;348.64;3776;1740;16464
28.60;97213;347.86;5420;1428;15672
28.60;97220;346.83;3520;1724;13876
28.60;97231;346.83;5912;2248;15112
28.60;97230;346.48;2808;4484;15048
28.60;97235;346.57;1972;3648;17240
28.60;97226;346.91;1636;-2568;15168
28.60;97236;346.74;1920;-5372;14012
28.70;97237;345.37;2308;-5684;13720
28.70;97246;345.71;2872;-5608;13968
28.70;97245;345.54;2576;-5612;14012
28.70;97230;345.45;2324;-3884;17088
28.70;97235;346.05;1060;116;15152
28.70;97230;345.62;-188;1616;13984
28.70;97241;345.97;564;644;14576
28.70;97229;345.79;-20;332;15244
28.70;97234;346.23;444;-2228;19436
28.70;97229;346.48;-908;-1012;16616
28.70;97228;347.26;1892;-3884;16920
28.70;97225;347.26;1924;-2596;15748
28.70;97214;347.69;1372;-1620;16104
28.70;97214;348.03;572;-192;16992
28.70;97183;350.44;2444;-1780;16576
28.70;97182;350.88;1980;-2856;14484
28.70;97181;351.31;2120;-3004;15996
28.70;97167;351.91;-256;-5776;17192
28.70;97165;351.74;2088;-3428;17612
28.70;97172;352.34;744;688;15708
28.70;97168;352.51;328;1556;12168
28.70;97154;353.20;1360;876;13832
28.70;97155;353.54;748;2252;14652
28.70;97153;353.37;276;656;13908
28.70;97155;353.03;436;-204;16412
28.70;97148;353.54;-468;-3232;14184
28.70;97140;354.66;-1700;-1144;16112
28.70;97137;355.18;-632;1852;15620
28.70;97120;356.04;96;4092;13064
28.70;97121;356.39;224;3728;14996
28.70;97120;356.56;-1756;2256;15720
28.70;97123;357.08;276;-1068;15396
28.70;97107;356.39;776;-76;14364
28.70;97120;356.04;1408;-1820;15524
28.70;97119;356.56;2012;-188;14720
28.70;97118;355.87;1688;-568;17364
28.70;97124;355.87;2372;-720;14540
28.70;97120;356.22;1452;-364;15460
28.70;97127;355.70;2432;-1532;17460
28.70;97131;355.01;2340;-836;15024
28.70;97137;354.49;2212;-528;14816
28.70;97133;354.84;2056;-556;15864
28.70;97125;355.44;1552;-948;15264
28.70;97128;355.87;-124;200;16376
28.70;97125;355.70;1224;-52;15524
28.70;97127;355.44;2164;-380;15492
28.70;97121;355.53;4168;-516;15008
28.70;97124;355.44;1152;-464;15280
28.70;97125;356.04;256;-320;15956
28.70;97125;355.35;548;-464;14800
28.70;97122;355.44;-1656;-148;15740
28.70;97124;355.87;-40;-756;15676
28.70;97107;356.91;-124;-380;16124
28.70;97119;356.65;60;-420;15212
28.70;97113;356.91;600;-1200;16392
28.70;97113;356.73;232;-1540;16928
28.70;97104;356.82;-336;-644;16264
28.70;97107;357.25;1652;-1248;15292
28.70;97097;357.16;512;1172;15772
28.70;97101;357.68;768;1936;14816
28.70;97103;357.59;1912;2524;15792
28.70;97114;356.91;1884;60;16704
28.70;97119;356.39;1772;-2440;14900
28.70;97129;354.92;1976;-3864;15972
28.80;97130;354.84;1976;-4908;15424
28.80;97136;354.66;1256;-636;16604
28.80;97147;354.49;2808;1756;15248
28.70;97139;354.66;2124;4364;15508
28.80;97156;353.03;2288;4896;15364
28.70;97153;353.37;1980;3280;14920
28.70;97161;352.17;380;-2768;14768
28.80;97166;352.17;1436;-4124;15904
28.80;97176;351.22;1952;-5196;15092
28.80;97184;350.01;2672;-7000;16340
28.80;97183;350.62;2540;-4728;14000
28.80;97188;350.79;1608;-5048;15532
28.80;97196;350.79;1612;-796;15624
28.80;97204;348.98;1936;112;15276
28.80;97218;347.78;3968;984;15024
28.80;97212;349.32;4472;3928;15196
28.80;97219;347.86;3872;6752;15608
28.80;97237;345.97;2300;1644;15568
28.80;97242;345.97;2072;796;14132
28.80;97259;344.76;3276;-232;14236
28.80;97258;344.42;1404;-356;16904
28.80;97263;343.04;1120;-1256;15284
28.80;97270;343.04;756;-1196;14136
28.80;97266;342.53;2060;-3160;14476
28.80;97274;342.78;1756;-3548;14568
28.80;97276;342.35;2828;-5316;15000
28.80;97293;340.38;2408;-4140;15264
28.80;97297;341.23;2972;-4700;14520
28.80;97286;341.58;2272;-3104;15660
28.80;97304;340.38;980;84;15924
28.80;97308;339.86;2708;-452;17392
28.80;97320;339.17;3080;-212;14716
28.80;97335;338.31;2420;-8;14812
28.80;97333;336.76;1832;1080;14628
28.80;97340;336.68;2372;824;15152
28.80;97350;335.99;3204;2400;15824
28.80;97365;334.78;2632;3208;15256
28.80;97365;334.27;2556;4384;14200
28.80;97374;333.75;2904;4424;16164
28.80;97395;332.72;2508;4588;16208
28.80;97400;332.21;2368;-1132;17188
28.80;97415;330.57;2084;-3312;15792
28.80;97419;330.83;1996;-4824;16084
28.80;97417;330.57;2952;-4416;14572
28.80;97419;330.83;1860;-3528;17100
28.80;97428;329.54;1088;-2432;15572
28.80;97432;329.45;1768;-3088;14676
28.80;97431;329.28;2528;-712;14592
28.80;97436;328.85;2300;-1104;15772
28.80;97450;327.91;1708;-1084;15132
28.80;97458;328.25;2292;424;14992
28.80;97474;325.67;2152;3712;15560
28.80;97483;324.99;2948;4416;15852
28.80;97482;324.90;1940;7360;15912
28.80;97499;324.56;2968;1512;13908
28.80;97496;323.18;1032;-2164;13032
28.80;97517;322.15;1524;156;16508
28.80;97518;322.15;3224;-484;15072
28.80;97537;319.23;2452;-2944;16148
28.80;97542;319.15;2372;-3612;15984
28.80;97551;319.58;3304;-4720;15348
28.80;97551;318.72;1876;-4784;13580
28.80;97564;318.29;2556;-4084;15592
28.80;97562;317.86;2800;-4424;15780
28.80;97576;316.91;2676;-5524;15620
28.80;97578;316.31;2568;-4324;16672
28.80;97581;316.14;2160;-976;15088
28.80;97594;315.88;1880;696;16696
28.80;97597;315.62;1688;-448;15216
28.80;97598;313.82;2708;344;14148
28.80;97608;313.91;1384;596;15320
28.80;97608;314.08;1584;1768;16592
28.80;97627;312.88;2000;3112;14340
28.80;97624;312.11;2096;3576;11900
28.80;97636;312.88;2092;3576;15528
28.80;97654;310.56;2444;3000;14888
28.80;97635;310.65;884;764;16544
28.80;97668;309.28;1976;456;13608
28.80;97678;308.59;1952;-744;17952
28.80;97671;308.42;472;-1096;13872
28.80;97680;307.48;2296;-2996;15908
28.80;97686;308.08;1688;-2056;16164
28.80;97697;306.62;2408;-2548;14868
28.80;97696;306.28;1888;-1316;14668
28.80;97703;305.33;1584;2652;15428
28.80;97716;304.65;3136;4260;13408
28.80;97724;303.36;3788;3612;14552
28.80;97736;304.13;2648;2404;14936
28.80;97755;302.76;3896;-776;16968
28.90;97754;301.99;1864;-1276;15424
28.80;97761;300.02;3448;-2336;15836
28.90;97788;297.27;1888;-5120;17324
28.80;97794;298.30;3308;-4724;12952
28.90;97802;297.70;1760;-5220;14780
28.90;97803;297.36;1844;-260;15504
28.90;97802;297.36;3472;3004;15940
28.90;97812;297.45;932;3580;14892
28.90;97833;295.56;2284;2132;14324
28.90;97834;294.19;1464;-1460;16396
28.90;97849;293.93;1620;-1656;14588
28.90;97849;293.42;2460;-484;15560
28.90;97856;293.33;2016;504;15124
28.90;97867;292.39;832;-180;16456
28.90;97872;290.77;2480;-244;15440
28.90;97868;291.97;1524;-420;15020
28.90;97878;291.19;2712;136;16588
28.90;97900;289.31;1900;-1104;14644
28.90;97903;288.97;4924;-936;15244
28.90;97889;289.05;2084;-96;13376
28.90;97913;288.20;1240;-1404;14744
28.90;97904;288.03;3064;-2208;15644
28.90;97917;287.94;1548;-2760;15296
28.90;97927;286.91;2408;-212;15640
28.90;97931;286.15;2120;-584;16948
28.90;97946;285.20;2472;1120;13532
28.90;97968;282.89;1452;-368;16940
28.90;97961;284.52;2244;-1516;15168
28.90;97968;283.92;1248;-2168;15608
28.90;97962;283.41;2232;-824;16580
28.90;97970;282.64;1384;300;14504
28.90;97996;280.50;2128;-2536;14112
28.90;98001;280.75;1956;-3116;15648
28.90;98006;278.45;2580;-2360;15640
28.90;98032;277.50;3804;-884;14276
28.90;98037;277.59;2944;-536;15084
28.90;98059;275.96;3140;3184;16860
28.90;98066;274.94;2008;3104;15164
28.90;98085;272.63;3856;3480;14580
28.90;98086;273.06;2648;2244;16452
28.90;98096;272.46;1444;1124;16276
28.90;98107;270.07;3312;-1100;15284
28.90;98112;270.24;4872;-4;14144
28.90;98122;269.90;2820;-388;13868
28.90;98129;269.73;4776;-184;15236
28.90;98149;268.44;3856;1420;14132
28.90;98141;268.10;3064;2676;15924
28.90;98144;268.53;2132;4012;15008
28.90;98147;268.02;2280;2396;16008
28.90;98145;268.19;1708;4544;15452
28.90;98149;268.19;3148;6076;13956
28.90;98146;268.36;-1280;4528;15948
28.90;98142;268.27;-272;1024;14576
28.90;98142;268.36;-844;-184;15696
28.90;98136;268.53;1676;-1088;15152
28.90;98150;267.50;1048;-88;17668
28.90;98138;268.10;6020;128;11476
28.90;98148;268.44;-412;332;11136
28.90;98164;267.25;964;-1672;14968
28.90;98170;266.39;936;-2672;16548
28.90;98170;265.63;1868;-3444;14560
28.90;98178;265.20;436;-1736;14040
28.90;98190;264.68;2208;-76;15860
28.90;98191;263.57;1564;-356;14576
28.90;98202;263.32;2344;-1120;16120
28.90;98217;262.63;2820;-844;14992
28.90;98225;261.36;3300;-2200;16304
28.90;98248;259.05;4592;3552;13488
28.90;98247;258.79;2568;3452;15360
28.90;98267;257.51;1468;44;13620
28.90;98265;257.34;1112;16;15360
28.90;98281;256.58;1728;396;14056
28.90;98288;255.04;-2492;-556;17156
28.90;98303;254.10;6252;760;9660
28.90;98313;253.50;2960;-2232;15832
28.90;98346;251.54;5660;1200;15500
28.90;98363;250.69;4340;-2768;14700
28.90;98369;248.81;2820;-4636;15032
28.90;98385;247.28;2316;-4680;12204
28.90;98394;247.02;3608;-4524;17032
28.90;98404;245.83;3872;-3884;15900
28.90;98421;245.14;5524;820;9728
28.90;98432;244.04;3468;5312;15820
28.90;98424;242.76;2256;10364;15684
28.90;98440;242.84;1912;4480;15528
28.90;98448;242.67;892;2100;15812
28.90;98460;241.40;1060;-2712;12112
28.90;98462;240.97;2484;2088;18096
28.90;98466;240.46;3940;3092;15700
28.90;98482;239.18;5256;4620;14796
28.90;98494;238.07;2444;-3544;16004
28.90;98508;237.48;2668;-4748;16492
28.90;98517;235.94;3008;-6248;16004
28.90;98516;236.54;1764;-2784;15392
28.90;98521;236.54;1336;-844;16508
28.90;98511;236.29;504;-356;15820
28.90;98537;235.69;1676;-216;17512
28.90;98525;235.60;3600;-172;9360
28.90;98543;234.07;1644;-760;17440
28.90;98550;232.88;2980;-1828;17140
28.90;98568;231.86;2200;-760;16324
28.90;98563;232.62;2520;-1924;17792
28.90;98582;231.26;1692;-2060;16232
28.90;98596;231.18;3232;104;15980
28.90;98605;228.96;2692;3372;15932
28.90;98615;227.43;3144;3580;16956
28.90;98637;227.17;1824;3956;17320
28.90;98644;225.98;2972;2716;16472
28.90;98653;224.03;740;-684;15952
28.90;98664;223.94;2556;-1512;13308
29.00;98681;222.66;2312;-836;13312
29.00;98680;223.01;1292;-2348;15180
29.00;98699;221.56;4824;980;10952
29.00;98698;220.96;3080;352;13572
29.00;98702;221.05;224;-1272;15456
29.00;98726;219.69;1964;44;20932
29.00;98723;218.07;4208;-140;14920
29.00;98738;218.58;2988;-720;14300
29.00;98749;217.05;1644;-564;15920
29.00;98750;215.95;1128;972;16328
29.00;98776;214.67;3652;4744;16928
29.00;98782;214.08;492;4008;16436
29.00;98802;211.10;5932;4708;14012
29.00;98822;210.68;4884;-3212;19404
29.00;98837;209.32;3008;-4984;14452
29.00;98845;208.72;236;-2172;15428
29.00;98849;207.71;516;-6188;13256
29.00;98856;207.20;2768;-656;16388
29.00;98880;205.33;3204;1484;14468
29.00;98895;205.16;3948;820;15532
29.00;98901;203.54;3616;-5144;11040
29.00;98900;203.80;1028;-4844;15652
29.00;98905;203.54;2552;5748;20728
29.00;98917;202.27;972;-3576;13208
29.00;98927;201.51;2472;488;16420
29.00;98927;199.64;1140;-804;13400
29.00;98939;200.49;892;52;16252
29.00;98940;199.47;2256;-260;14260
29.00;98946;199.98;1064;184;15596
29.00;98958;199.13;3432;404;16660
29.00;98989;195.74;3328;444;15780
29.00;99002;194.63;5240;-312;10848
29.00;99009;194.38;3232;-24;14788
29.00;99013;194.46;3288;-776;14388
29.00;99035;193.19;1628;-732;15700
29.00;99026;193.19;2168;-704;12604
29.00;99039;191.24;6560;-1876;9304
29.00;99047;191.33;492;-652;14716
29.00;99052;190.39;324;28;18288
29.00;99054;190.14;1264;-900;17860
29.00;99074;189.04;3740;268;10892
29.00;99073;187.93;2260;-1080;17548
29.00;99078;188.53;2092;-3284;16208
29.00;99087;187.51;1948;-636;15696
29.00;99104;187.17;1372;872;13236
29.00;99108;186.41;1436;-828;16676
29.00;99113;185.14;4256;2288;10668
29.00;99139;182.76;6336;-1464;9900
29.00;99161;181.58;5588;708;15976
29.00;99177;180.48;4468;-1068;15668
29.00;99190;178.95;4752;-1060;16652
29.00;99194;178.70;2524;404;13864
29.00;99199;178.27;4580;364;15620
29.00;99199;178.19;5296;800;15060
29.00;99207;177.85;4212;1172;14884
29.00;99201;178.27;1856;788;15520
29.00;99203;178.53;2208;792;15652
29.00;99202;178.53;2264;732;15788
29.00;99204;177.94;2484;984;15148
29.00;99206;178.11;2316;640;15896
29.00;99204;179.04;2316;712;15304
29.00;99199;178.19;2456;876;14972
29.00;99199;178.44;2252;724;15512
29.00;99197;178.53;1728;728;15188
29.00;99203;178.27;1768;12;15060
29.00;99199;178.27;1592;360;16560
29.10;99200;178.27;1808;92;16328
29.10;99203;177.94;2052;1032;15680
29.10;99215;177.68;2584;-124;14760
29.00;99207;177.60;1480;912;14840
29.00;99207;177.00;1468;-732;15860
29.00;99216;177.60;1484;416;15020
29.10;99213;176.92;2352;8;15376
29.10;99222;176.67;3392;336;15892
29.00;99221;176.24;2748;148;14692
29.10;99222;175.82;2220;-436;14600
29.00;99225;175.82;2104;-440;15512
29.10;99231;175.82;588;-872;14492
29.10;99238;175.31;-48;-2020;14804
29.10;99231;176.07;2224;-1164;16284
29.10;99238;175.65;2304;-480;17388
29.10;99244;174.38;3680;160;14988
29.10;99247;174.38;4576;-1028;15104
29.10;99244;174.29;3604;-776;15700
29.10;99241;174.63;1468;-940;15468
29.10;99243;174.72;2328;-1040;15276
29.10;99245;174.80;1352;-988;15516
29.10;99245;174.55;-2488;-556;16116
29.10;99247;174.55;-556;0;15652
29.10;99242;173.70;1404;-1176;15332
29.10;99247;174.21;988;-2080;15324
29.10;99239;174.46;616;-1192;14012
29.10;99241;174.72;172;308;15776
29.10;99244;174.29;1900;-528;16028
29.10;99253;173.79;1696;-640;14760
29.10;99250;174.55;1296;364;13752
29.10;99254;173.95;2208;-972;16088
29.10;99253;174.04;1484;-964;15108
29.10;99253;173.79;1168;-1284;14128
29.10;99257;174.04;1584;-324;17432
29.10;99253;174.13;800;-1764;16156
29.10;99252;174.04;1624;-484;14964
29.10;99251;174.29;376;-1356;16540
29.10;99249;173.62;1548;-1400;15184
29.10;99247;174.21;2112;-424;14960
29.10;99249;174.46;1424;148;13888
29.10;99254;173.36;1440;-232;14856
29.10;99258;174.04;2928;132;15176
29.10;99254;173.70;1864;304;15500
29.10;99256;173.36;1408;300;15296
29.10;99259;174.46;2244;-360;15108
29.10;99251;174.13;588;76;14216
29.20;99261;174.13;1392;-1168;16140
29.10;99254;173.95;832;-400;15220
29.10;99252;174.29;504;1124;15764
29.10;99254;173.36;508;-2992;14888
29.10;99251;174.29;-36;192;15032
29.20;99251;174.29;-624;976;15264
29.20;99243;174.46;-1068;152;15012
29.20;99243;175.99;2656;568;15968
29.20;99234;175.14;1232;588;16420
29.20;99243;175.31;-992;-112;13760
29.20;99246;174.97;-324;724;13664
29.20;99229;175.39;384;1192;14396
29.20;99239;174.97;1396;596;14652
29.20;99238;175.31;2800;-572;13484
29.20;99235;175.31;5252;-688;15192
29.20;99241;175.56;1060;336;14324
29.20;99232;175.31;444;-340;15660
29.20;99234;175.99;-172;1920;15712
29.20;99231;175.23;80;1620;15968
29.20;99233;175.90;1292;-196;15448
29.20;99236;175.56;1944;116;14544
29.20;99235;175.90;2176;-324;13640
29.20;99229;175.73;1972;-572;14732
29.20;99236;175.31;3024;496;16256
29.20;99238;175.23;3940;-1900;16948
29.20;99235;175.56;2496;-4144;15292
29.20;99244;175.31;6024;-1232;14872
29.20;99240;175.23;3792;280;15488
29.20;99236;175.48;3508;448;15544
29.20;99233;174.97;696;560;15708
29.20;99241;174.97;624;604;15796
29.20;99240;175.23;740;520;15672
29.20;99247;175.23;924;676;15460
29.20;99238;175.06;992;424;15332
29.20;99240;174.80;1068;512;15236
29.20;99244;174.72;1040;672;14944
29.20;99238;175.23;852;640;15416
29.20;99235;175.39;956;628;15420
29.20;99233;174.72;968;712;15496
29.20;99237;175.48;1152;568;15240
29.30;99243;174.72;1068;576;15148
29.30;99234;175.23;956;760;15300
29.30;99243;174.55;788;612;15292
29.30;99241;175.31;760;596;15756
29.30;99244;175.14;824;484;15504
29.30;99246;174.80;928;516;15352
29.30;99236;175.56;976;616;15472
29.30;99239;175.39;1036;704;15360
29.30;99243;175.14;1104;664;14988
29.30;99236;175.31;968;588;15076
29.30;99240;175.39;776;592;15688
29.30;99238;175.06;884;532;15312
29.30;99236;174.89;844;572;15500
29.40;99242;174.72;920;456;15672
29.40;99238;174.72;908;424;15560
29.40;99246;175.14;948;464;15332
29.40;99245;174.97;1096;660;15388
29.40;99246;174.72;1160;664;15372
29.40;99244;174.89;1100;708;15116
29.40;99244;175.14;1008;672;15152
29.40;99241;175.06;788;580;15404
29.40;99243;174.89;860;572;15292
29.40;99246;174.97;748;548;15544
29.40;99240;175.06;876;476;15388
29.40;99242;174.89;908;500;15784
29.40;99243;175.39;1008;640;15824
29.40;99237;174.80;916;536;15536
29.40;99240;175.31;1040;548;15356
29.40;99242;174.97;980;568;15640
29.40;99239;175.14;992;560;15620
29.40;99243;174.63;376;440;15348
29.40;99245;174.80;1268;636;15592
29.40;99240;175.14;1396;732;15504
29.40;99243;174.97;728;548;15324
29.40;99243;174.97;-728;420;15176
29.40;99236;174.72;-2420;-136;15004
29.40;99234;175.06;-1160;200;15484
29.50;99234;175.48;160;-504;17640
29.50;99230;175.99;80;128;14648
29.40;99231;176.33;2424;448;15240
29.50;99231;175.90;728;544;14716
29.40;99231;175.99;-1472;224;12616
29.40;99219;177.26;-100;32;16348
29.50;99219;177.09;2080;-5020;18508
29.50;99229;176.67;2912;-868;14956
29.40;99219;176.83;-1008;116;16028
29.40;99210;177.51;328;464;14260
29.50;99205;177.85;892;-2968;12728
29.40;99212;177.43;696;-1700;15624
29.40;99216;177.43;5320;-40;12948
29.40;99220;176.83;3264;-640;16320
29.40;99235;175.06;4944;1116;15816
29.40;99235;175.14;3904;5712;15820
29.40;99241;175.14;28;6472;16136
29.40;99251;174.63;2428;1780;16560
29.50;99245;174.63;-332;472;16336
29.40;99238;175.65;-1476;968;14924
29.40;99231;175.99;-952;2944;13836
29.50;99224;176.83;-108;-1224;16628
29.50;99224;176.16;3620;268;15760
29.50;99226;175.65;3472;-300;14192
29.50;99228;175.82;5468;-68;13872
29.50;99242;174.89;3292;-3824;13752
29.50;99244;174.97;3960;-6116;15832
29.50;99237;174.97;1552;-688;16152
29.50;99243;174.97;8;180;15268
29.50;99231;175.99;-216;84;15928
29.50;99236;175.31;312;988;15320
29.50;99225;176.24;704;1032;14728
29.50;99241;175.48;1168;16;14392
29.50;99233;175.82;2220;176;16044
29.50;99245;175.31;2652;564;16412
29.50;99244;174.97;3472;580;15872
29.50;99240;174.89;4240;1996;15268
29.50;99244;174.13;5356;1636;15036
29.50;99247;174.46;1652;1724;15640
29.50;99246;174.80;680;1056;15212
29.50;99245;175.14;-240;2272;14472
29.50;99240;175.06;-1452;580;16508
29.50;99232;175.90;-1796;76;14712
29.50;99234;175.48;1048;-760;15496
29.50;99230;176.16;-708;-332;15712
29.50;99227;176.07;-1936;-132;14876
29.50;99225;176.41;-76;-836;13208
29.50;99230;176.67;2980;-1912;15116
29.50;99227;176.67;1356;-1168;15208
29.50;99210;178.36;704;292;15808
29.50;99218;177.51;1668;-632;14648
29.50;99219;176.75;1252;748;14708
29.50;99213;177.17;860;-80;16172
29.50;99227;176.83;944;476;15180
29.50;99210;176.83;-80;96;16372
29.50;99229;176.41;624;460;13944
29.50;99210;176.41;1144;-140;14536
29.50;99226;176.33;1132;144;16056
29.50;99220;177.17;380;-588;16712
29.50;99211;177.26;-276;-1184;15064
29.50;99215;176.92;1652;-428;15612
29.50;99222;176.07;2480;-984;14208
29.50;99224;176.41;1932;908;14360
29.50;99222;175.73;872;572;12280
29.50;99228;175.99;-760;-24;15768
29.50;99231;175.90;3252;-1036;16736
29.50;99239;174.80;5332;-3244;15352
29.50;99243;174.89;3252;-520;15784
29.50;99237;175.23;3220;284;15508
29.50;99238;174.97;3160;424;15724
29.50;99238;175.56;2792;-156;15028
29.50;99236;175.56;1608;-108;15272
29.50;99234;175.39;1472;116;15424
29.50;99233;175.39;1468;44;15152
29.50;99231;175.39;1808;0;15092
29.50;99237;175.14;1404;-108;15716
29.50;99235;175.39;1384;-128;15484
29.50;99237;175.31;1448;-96;15616
29.50;99238;175.23;1548;-100;15016
29.50;99235;175.06;1400;-116;15344
29.50;99236;175.48;1504;140;15040
29.50;99246;175.82;1280;-8;15260
29.50;99234;175.56;-232;-208;15404
29.60;99233;175.48;-852;652;15884
29.60;99230;175.56;1876;1928;15748
29.60;99234;175.31;-112;-360;15252
29.60;99235;175.65;1204;108;15944
29.60;99224;176.33;-192;-772;16032
29.60;99236;175.82;120;-196;16316
29.60;99229;175.48;164;156;16448
29.60;99229;176.58;-324;-24;15320
29.60;99226;176.67;136;888;15000
29.60;99220;176.58;608;-188;14804
29.60;99219;176.50;2336;-400;17972
29.60;99219;177.17;1228;-1048;15064
29.60;99220;176.67;104;-160;15212
29.60;99220;177.09;-704;-324;16288
29.60;99212;177.51;308;-184;14940
29.60;99212;176.41;1088;-540;17160
29.60;99214;177.17;2312;80;14752
29.60;99219;177.34;1400;-1776;16428
29.60;99223;176.92;1552;-40;16560
29.60;99217;176.75;592;848;17500
29.60;99222;177.26;1748;8;14384
29.60;99212;177.51;2436;668;14948
29.60;99216;177.00;1524;-196;14584
29.60;99214;177.09;1328;-576;15556
29.60;99217;177.34;1352;-732;14136
29.60;99215;177.94;1624;-456;14944
29.60;99209;177.60;772;-468;14556
29.60;99213;177.26;1248;-596;15768
29.60;99209;177.26;1156;-612;16656
29.60;99216;176.67;964;-720;15260
29.60;99205;177.51;1860;-776;17092
29.60;99215;177.85;1680;-404;15448
29.60;99212;176.92;2020;128;15700
29.60;99218;176.41;2380;-448;15576
29.60;99208;177.09;1256;132;14752
29.60;99219;177.26;1296;68;14852
29.60;99225;176.67;3044;36;14636
29.70;99216;177.34;1876;-8;19176
29.60;99221;177.17;3828;-492;15264
29.60;99220;176.33;3760;336;15244
29.60;99219;176.83;2192;-636;15452
29.60;99220;177.09;1564;-536;15456
29.70;99216;176.41;1772;-648;15340
29.70;99222;176.50;1832;-620;15564
29.70;99224;176.58;828;-572;15292
29.70;99225;175.73;1668;-504;15520
29.70;99227;176.33;1124;-592;15536
29.70;99229;176.24;1412;-528;15324
29.70;99230;175.99;1184;-600;15412
29.70;99229;176.41;1340;-556;14988
29.70;99225;175.99;1100;-640;15416
29.70;99224;175.99;1416;-528;15172
29.70;99222;176.83;1304;-676;15576
29.70;99227;176.83;1332;-572;15312
29.70;99226;176.33;1572;-604;15288
29.80;99235;175.82;1444;-612;15492
29.80;99223;176.58;1100;-620;15632
29.80;99226;176.75;1272;-528;15244
29.80;99220;176.24;980;-640;15472
29.80;99225;176.07;988;-624;15616
29.80;99225;176.07;1588;-388;15212
29.80;99221;176.24;1272;-532;15620
29.80;99222;176.67;1060;-524;15324
29.80;99226;176.83;1512;-424;14976
29.80;99224;175.99;1288;-624;15412
29.80;99222;176.83;1464;-468;15004
29.80;99218;176.33;652;-776;15920
29.80;99216;176.75;620;-596;14712
29.80;99227;176.16;1652;-616;15688
29.80;99225;176.50;-204;-392;15808
29.80;99223;176.58;-1032;-376;15120
29.80;99215;177.09;240;908;15340
29.80;99217;177.00;764;1240;14900
29.80;99209;177.43;296;-684;16312
29.80;99222;176.58;908;-1248;15732
29.80;99226;177.00;-396;-1120;14276
29.90;99218;176.92;-1248;-1940;15380
29.90;99204;177.68;-32;-336;15340
29.90;99205;177.77;740;-1624;12528
29.90;99216;177.34;2080;-616;14856
29.90;99197;178.11;876;-1200;14744
29.90;99192;178.61;-84;-1728;16028
29.90;99197;178.61;1288;-1564;17564
29.90;99189;179.46;1732;-1188;15132
29.90;99190;179.71;-148;-652;12272
29.90;99188;178.95;1460;-1452;16520
29.90;99193;179.88;1680;-940;15192
29.90;99200;178.70;1728;-1124;14108
29.90;99204;178.11;2192;-1364;14688
29.90;99196;178.70;2544;-760;12704
29.90;99203;178.36;1800;-848;15844
29.90;99202;178.36;2032;-1592;15056
29.90;99205;178.02;3772;-1796;17980
29.90;99206;177.43;3564;-932;16744
29.90;99208;177.77;3044;-452;14932
29.90;99212;177.43;2488;-960;14836
29.90;99213;178.02;1668;-844;15384
29.90;99209;177.77;1224;-816;15036
29.90;99202;177.34;276;-712;15620
29.90;99201;177.77;388;-792;15016
29.90;99204;177.60;-712;-500;15932
29.90;99203;178.11;-1108;-728;15884
29.90;99197;178.44;-940;128;14632
29.90;99193;178.70;-516;1544;15492
29.90;99189;179.46;124;3420;16508
29.90;99183;179.21;1528;2080;15736
29.90;99179;180.14;412;1148;15120
29.90;99175;180.56;-476;1584;14932
29.90;99168;180.48;2516;1368;16032
29.90;99167;180.65;1380;-112;16004
29.90;99167;181.66;1160;124;15420
29.90;99168;181.15;1552;-68;14468
29.90;99161;182.17;1860;400;16520
29.90;99163;182.09;1044;-96;15184
29.90;99160;181.58;1076;-124;15788
29.90;99165;181.66;1048;-60;14972
29.90;99165;181.15;1892;452;15672
29.90;99170;181.07;2304;328;16440
29.90;99168;181.24;2284;-96;15132
29.90;99170;181.49;1476;232;15848
29.90;99172;180.65;2580;-12;15284
29.90;99170;180.05;2416;60;15276
29.90;99173;181.07;2188;-212;15516
29.90;99169;180.65;2148;-340;15144
29.90;99171;180.99;972;-328;15680
29.90;99170;180.99;756;-376;15624
29.90;99170;181.66;804;-388;15360
29.90;99167;181.24;940;-336;15168
30.00;99173;180.90;888;-472;15572
29.90;99172;180.22;840;-484;15512
29.90;99173;180.48;972;-420;15328
29.90;99169;181.32;1056;-480;15656
30.00;99174;180.90;768;-352;15600
30.00;99173;180.65;896;-352;15300
30.00;99167;181.07;880;-400;15624
30.00;99169;180.73;704;-372;15568
30.00;99179;180.31;912;-296;15416
30.00;99174;180.48;920;-292;15724
30.00;99171;180.56;740;-240;15656
30.00;99170;180.99;512;-356;15188
30.00;99169;180.65;880;-332;15108
30.00;99171;181.32;848;-288;15404
30.00;99168;180.82;640;-348;15352
30.00;99171;181.24;788;-292;15188
30.00;99175;181.32;688;-332;15368
30.00;99176;180.22;584;-424;15312
30.00;99168;180.65;908;-300;15144
30.00;99171;180.82;676;-284;15532
30.00;99176;180.22;820;-304;15288
30.00;99168;180.65;952;-384;15236
30.00;99169;181.15;632;-372;15544
30.00;99169;180.56;960;-168;15080
30.00;99177;180.48;732;-356;15404
30.00;99165;181.15;1016;-344;15824
30.00;99173;181.15;608;-380;15524
30.00;99172;180.82;496;-324;15356
30.00;99175;181.15;104;-248;15696
30.00;99164;180.65;792;-612;15900
30.00;99174;180.99;1904;-176;14808
30.00;99173;180.39;628;-212;15084
30.00;99172;180.31;-1424;-64;15520
29.90;99154;182.43;-2800;-528;15296
30.00;99174;183.02;116;-752;15144
30.00;99135;183.70;-2012;-2512;16532
30.00;99141;183.78;1388;-1860;15296
30.10;99139;182.51;96;-3652;14072
30.10;99155;182.26;160;-3228;14860
30.10;99155;182.09;-428;-3376;15156
30.10;99144;183.53;-944;-1068;14924
30.20;99140;182.76;888;28;14960
30.10;99142;183.36;1760;1312;15768
30.20;99144;182.93;2036;-400;15436
30.20;99145;183.27;2424;-1384;14364
30.20;99149;182.34;2224;-532;16104
30.20;99150;183.02;2288;-720;15240
30.20;99153;182.59;2524;-252;15640
30.20;99151;182.26;4116;116;15760
30.20;99154;182.76;4004;-456;15072
30.20;99155;182.59;2844;-836;15672
30.20;99151;182.51;1488;-768;15324
30.20;99152;182.59;548;-812;15504
30.20;99155;182.59;496;-656;15636
30.20;99149;182.76;-672;-576;15224
30.20;99151;182.68;-2280;-828;14672
30.20;99153;182.76;-4;-576;15400
30.20;99146;182.85;-760;-952;15064
30.20;99137;183.02;-384;228;15196
30.20;99137;183.70;-768;-184;14760
30.20;99123;184.12;1268;1176;14044
30.20;99121;185.05;2720;-340;15096
30.20;99125;184.54;2244;-1376;16208
30.20;99133;183.78;420;780;14320
30.20;99120;185.05;-900;312;14976
30.20;99111;187.26;-1456;-212;16956
30.20;99111;185.39;1256;-512;14876
30.20;99107;185.48;544;-164;13096
30.20;99113;185.82;156;-680;15880
30.20;99105;187.17;-284;-188;15364
30.20;99098;186.49;-452;16;15016
30.20;99103;186.49;1708;916;16592
30.20;99087;187.85;1924;-1996;16852
30.20;99101;187.17;-300;1616;11572
30.20;99100;186.75;3108;-668;15720
30.20;99098;186.32;4580;796;16360
30.20;99091;187.34;-52;-2616;14144
30.20;99091;187.68;2836;-2964;14744
30.20;99093;187.59;152;60;16316
30.20;99061;189.88;-1672;-156;10372
30.20;99067;189.88;-24;-624;15512
30.20;99048;191.16;-360;3224;13612
30.20;99047;190.90;2392;2096;15988
30.20;99051;191.92;-1020;1984;10500
30.20;99055;190.48;660;-264;15760
30.20;99060;191.16;-480;-3228;23188
30.30;99057;190.99;300;2456;16996
30.30;99050;190.14;668;4024;16560
30.30;99059;189.88;2196;564;15540
30.30;99066;191.24;2448;568;14480
30.30;99055;191.16;1776;452;14960
30.30;99058;191.67;-916;-552;15800
30.30;99060;190.65;2028;-2172;15736
30.30;99040;192.43;-800;356;13640
30.30;99029;192.26;1016;-1740;16328
30.30;99042;191.92;96;-1676;15432
30.30;99031;192.00;2036;-644;14152
30.30;99036;192.60;2232;-628;15292
30.30;99041;190.82;3756;-2116;17904
30.30;99055;190.56;3136;-1856;14964
30.30;99049;190.73;2708;-684;15080
30.30;99056;190.99;712;-68;16284
30.30;99055;191.24;296;2392;15148
30.30;99052;190.65;1380;-2000;14052
30.30;99068;189.72;4396;-776;14816
30.30;99073;189.21;3864;-420;15596
30.30;99075;189.29;3376;-112;15016
30.30;99060;190.14;1680;128;15340
30.30;99063;189.55;1572;156;15052
30.30;99064;189.97;892;36;15388
30.30;99064;189.72;-872;-360;15768
30.30;99065;189.80;1044;-544;15624
30.30;99068;189.63;412;-184;15360
30.30;99063;189.88;-984;-260;15160
30.30;99066;189.88;1036;-344;14164
30.30;99064;190.05;-1340;1152;15532
30.30;99054;190.14;-60;1184;16568
30.30;99048;191.67;-204;4044;15232
30.30;99033;192.68;-84;5476;14600
30.30;99028;192.51;-728;3204;15900
30.30;99026;193.02;-2412;532;15136
30.40;99031;192.85;1148;-752;16172
30.30;99029;193.02;240;-1088;16652
30.30;99020;193.11;884;-4688;20440
30.30;99014;194.72;-364;-1048;14568
30.30;98987;195.14;-816;24;14144
30.30;98998;195.40;644;-96;16156
30.30;99001;196.08;1532;152;15252
30.30;98985;197.35;-312;140;14476
30.30;98982;197.94;-676;412;14768
30.30;98971;196.67;-1208;16;14716
30.30;98960;198.37;84;-788;16892
30.30;98953;198.11;-752;-1588;13968
30.30;98949;199.64;444;384;13260
30.30;98936;200.40;-120;32;14852
30.30;98939;200.83;-276;-1208;15592
30.30;98920;202.69;-852;-980;17208
30.30;98899;203.03;132;-164;16872
30.30;98908;203.20;1036;-1428;15968
30.30;98896;203.80;1520;-296;13896
30.30;98896;203.97;-1240;980;16336
30.30;98875;205.24;-1100;-804;15924
30.30;98878;205.75;92;-1316;14892
30.30;98847;207.37;-900;-2240;15240
30.30;98837;207.96;-472;-1624;14832
30.30;98851;208.98;-692;-1492;14164
30.30;98818;211.36;-40;-1440;14684
30.30;98798;211.70;780;1084;17452
30.30;98811;212.21;356;-292;17064
30.30;98795;214.50;104;-376;13408
30.30;98779;214.50;-828;-1180;16184
30.30;98757;215.01;-2808;-6428;10724
30.30;98752;216.29;-424;-1968;16712
30.30;98722;217.48;-284;-1528;15944
30.30;98738;218.50;-1028;-580;17404
30.30;98713;219.86;1728;124;15364
30.30;98721;219.09;932;112;18812
30.30;98715;219.77;1788;1380;16428
30.30;98693;220.62;180;2876;14852
30.30;98677;224.20;-360;4592;16300
30.30;98658;224.62;472;3200;16660
30.30;98656;224.62;876;2956;15796
30.30;98647;226.24;24;4396;14856
30.30;98624;226.24;1196;4260;16064
30.30;98634;226.32;-220;-1132;16088
30.30;98615;229.39;-1008;-312;15368
30.30;98614;227.60;112;-728;15848
30.30;98587;231.34;-1440;-2156;14068
30.30;98566;231.60;-544;-920;16224
30.30;98567;232.54;-440;-928;15460
30.30;98561;232.62;-172;60;15804
30.30;98550;233.56;2712;-3688;15756
30.30;98535;234.32;-456;-392;15276
30.30;98526;234.41;-296;-760;16032
30.30;98510;236.11;-804;116;16376
30.30;98487;238.16;-760;-1088;16132
30.30;98497;237.90;-348;-264;14452
30.30;98477;239.43;60;16;15040
30.30;98478;239.78;-1708;-3780;18144
30.30;98467;241.14;-708;-64;16968
30.30;98476;240.12;-428;-1484;16596
30.30;98454;242.76;436;-572;15048
30.30;98436;243.10;2684;1756;10964
30.30;98415;246.60;1424;1824;16788
30.30;98426;243.78;3544;936;15092
30.30;98413;245.06;-156;420;18344
30.30;98417;246.08;1800;532;15896
30.30;98401;247.53;4136;8;16972
30.30;98393;247.36;956;2156;16332
30.30;98386;247.19;3020;-564;11780
30.30;98386;248.30;1444;160;12724
30.30;98376;248.38;564;-648;17532
30.30;98359;249.83;1672;812;16164
30.30;98361;249.32;96;2552;16564
30.30;98372;249.32;-104;980;16880
30.30;98364;250.18;-868;1940;12084
30.40;98338;250.77;1504;124;14788
30.30;98352;250.77;20;1980;13860
30.40;98334;252.56;356;740;16236
30.30;98319;253.25;-572;724;18552
30.40;98309;253.42;1672;3408;14496
30.40;98290;255.38;932;1956;16196
30.40;98314;253.42;3784;2764;19024
30.40;98315;254.44;672;-1880;17168
30.40;98303;255.29;144;-1580;16064
30.40;98291;255.47;300;-276;13788
30.40;98303;255.38;1236;1176;14628
30.40;98297;255.55;1392;-1332;11704
30.40;98286;256.66;1852;-1812;14804
30.40;98291;255.29;6760;876;15608
30.40;98296;255.63;3420;2364;15308
30.40;98288;255.89;3768;7056;13612
30.40;98288;258.03;1716;5152;14956
30.40;98282;256.83;4436;-1948;16044
30.30;98296;255.98;268;-5324;14128
30.40;98302;254.61;1588;-3592;16736
30.40;98293;255.63;-2648;24;15576
30.40;98268;257.09;1200;-652;18560
30.50;98244;258.62;-3928;-3584;19080
30.50;98284;256.15;4;-1328;15540
30.50;98275;257.26;1020;-2684;12700
30.50;98279;256.32;736;-516;14292
30.50;98260;258.88;-3804;-2076;16704
30.50;98247;258.96;1676;-2684;18588
30.50;98253;258.88;2932;548;15524
30.50;98243;259.05;100;-2192;15156
30.50;98235;259.73;-7868;-7412;17068
30.50;98248;260.25;2996;-900;16832
30.50;98245;258.88;1744;-1200;14964
30.50;98233;261.18;428;-904;16736
30.50;98240;260.67;1236;-124;14448
30.50;98226;261.70;520;-196;14792
30.50;98217;261.95;1120;-2000;22668
30.50;98216;262.98;4600;-584;18980
30.50;98222;261.61;592;1272;14632
30.50;98207;262.38;1284;1032;16076
30.50;98186;263.92;1952;-268;13892
30.50;98194;263.23;-1008;188;16784
30.50;98187;264.86;1864;-2676;15284
30.50;98185;263.57;1192;-1200;16152
30.50;98181;265.20;4212;-1224;11920
30.50;98189;264.09;-1684;7332;9864
30.50;98181;264.34;3412;-1368;15404
30.50;98194;263.57;5824;8;15988
30.50;98202;263.23;4772;-1080;15148
30.50;98200;263.23;3044;-620;15496
30.50;98204;263.15;3636;-1448;15108
30.50;98199;263.32;1664;-760;15388
30.50;98203;263.23;1256;-300;15640
30.50;98194;263.66;1596;-640;15568
30.50;98203;263.40;788;-640;15468
30.50;98201;263.32;744;-516;15104
30.50;98202;263.23;532;-592;15680
30.50;98206;263.06;528;-452;15476
30.50;98202;263.23;328;-468;15528
30.60;98197;262.89;520;-496;15272
30.60;98205;263.23;772;-508;14940
30.60;98206;263.23;704;-556;15020
30.60;98204;263.15;748;-532;15236
30.60;98202;263.06;772;-660;15180
30.60;98208;262.98;804;-588;15056
30.60;98208;262.89;896;-528;15172
30.60;98202;263.23;744;-548;15104
30.60;98206;263.57;-48;-368;15500
30.60;98201;262.89;-1080;-300;15528
30.60;98202;263.06;-344;-344;15284
30.70;98200;263.06;-408;-168;15092
30.70;98201;263.66;-1244;560;14288
30.70;98186;264.34;-32;-732;14480
30.70;98197;263.49;2028;-380;15120
30.70;98185;264.77;-1724;64;15832
30.70;98187;264.86;-1392;-1124;14664
30.70;98173;265.88;-4696;-2064;15720
30.70;98176;265.28;2836;-1528;14344
30.70;98173;265.79;-1292;-844;15520
30.70;98164;265.88;-620;1188;15196
30.70;98164;266.99;-108;-136;14660
30.70;98136;269.38;660;-212;15248
30.70;98146;267.84;-1560;-808;18320
30.70;98148;268.02;776;-1376;14900
30.70;98142;268.53;1168;-224;16980
30.70;98139;268.96;-2472;-1464;14700
30.70;98136;269.13;1448;-1276;14932
30.70;98126;269.30;156;728;16272
30.70;98126;270.49;1264;-144;14696
30.70;98110;271.78;1576;-396;13524
30.70;98110;270.58;-868;-880;16356
30.70;98113;270.49;-200;352;14128
30.70;98097;272.72;1280;-248;15932
30.70;98114;271.35;-1168;-720;13648
30.70;98096;272.72;-488;-8;14596
30.70;98084;272.80;640;-1904;15524
30.70;98086;273.40;132;-188;15304
30.70;98077;274.60;-308;-684;14256
30.70;98079;273.83;560;-548;17132
30.70;98075;273.57;996;96;16560
30.70;98066;274.85;-80;-2584;18532
30.70;98052;276.56;3404;524;15012
30.70;98065;274.94;4520;1716;20056
30.80;98069;274.85;868;632;15024
30.70;98057;275.71;336;176;13324
30.70;98046;276.48;2648;-1196;14588
30.80;98073;274.60;564;-1160;14016
30.80;98075;274.77;1200;-776;16508
30.70;98065;274.51;2260;-1864;14388
30.70;98060;275.11;1912;48;15052
30.80;98059;275.54;-672;696;17372
30.80;98062;275.54;600;1248;17284
30.80;98073;274.94;804;-1188;16792
30.80;98055;274.94;2480;1160;13272
30.80;98081;274.08;812;1968;15296
30.80;98075;274.51;-832;788;15940
30.80;98072;275.54;4404;-1844;11632
30.80;98030;277.42;-232;-24;15656
30.80;98024;278.45;-308;-1664;15464
30.80;98027;277.67;3560;988;14332
30.80;98030;277.42;400;-100;15884
30.80;98018;279.30;-96;2164;14764
30.80;97993;280.41;2056;820;15844
30.80;97965;282.72;3056;1704;15236
30.80;97998;281.78;-308;36;16248
30.80;97968;283.75;4364;1288;6972
30.80;97953;285.20;164;632;19012
30.80;97926;285.12;2100;3300;18792
30.80;97939;286.23;-84;2284;17684
30.80;97954;284.52;1268;-1728;18832
30.90;97947;285.03;3404;2716;11740
30.80;97936;285.55;-1624;168;17284
30.90;97944;285.72;1568;188;16264
30.80;97921;287.69;2448;940;15776
30.90;97928;286.31;2516;-1912;12988
30.90;97917;287.85;1020;2488;17976
30.90;97934;285.55;2624;-1512;14284
30.90;97920;286.74;868;-500;16816
30.90;97924;286.57;1704;-376;14176
30.90;97929;286.57;1424;696;14048
30.80;97918;288.03;492;-364;13596
30.90;97914;287.60;2336;1160;14536
30.90;97909;287.77;408;3832;16324
30.90;97903;288.97;728;2828;15224
30.90;97894;288.97;-856;2628;17312
30.90;97891;288.88;1616;1172;15096
30.90;97890;289.99;752;4188;19492
30.80;97887;290.34;-1984;176;14444
30.80;97891;290.94;3088;680;15048
30.80;97885;290.77;1132;-856;14756
30.80;97887;290.77;764;-2944;13484
30.90;97893;290.25;1712;-976;16492
30.90;97881;290.77;1004;-52;14720
30.90;97892;290.08;904;936;15864
30.80;97885;290.42;1504;312;14620
30.80;97879;290.68;1400;-2780;14788
30.90;97877;291.19;-976;-1380;16136
30.90;97863;292.05;24;32;16396
30.90;97872;291.71;1280;240;15264
30.90;97865;292.31;-104;-1020;15188
30.90;97861;292.65;-556;-800;14664
30.90;97842;293.33;1188;420;15792
30.90;97837;294.28;-792;180;16108
30.90;97832;294.36;2692;-684;16692
30.90;97819;295.39;-1776;-204;18628
30.90;97816;296.16;-936;-1364;14256
30.90;97806;296.76;328;2724;14400
30.90;97795;297.96;1848;4336;14400
30.90;97791;298.90;2148;-1832;13608
30.90;97783;299.59;3416;104;12560
30.90;97772;300.02;632;1708;14372
30.90;97762;300.70;12;2056;14896
30.90;97752;302.16;1600;1708;15756
30.90;97765;300.70;1628;32;15584
30.90;97765;301.22;-1380;356;15368
30.90;97750;302.33;-1376;-1332;14316
30.90;97729;303.10;1704;4456;20828
30.90;97726;304.22;-1000;-652;16008
30.90;97711;304.82;424;-460;14284
30.90;97702;306.28;-284;176;17252
30.90;97694;306.88;-3112;1032;16284
30.90;97683;307.99;-2172;-36;15120
30.90;97670;308.50;2212;-772;12136
30.90;97663;309.71;2060;-556;18624
30.90;97660;309.88;2696;1096;15308
30.90;97662;309.62;3020;1556;13624
30.90;97670;310.13;-20;-796;12344
30.90;97670;309.28;2140;-1268;18524
30.90;97677;307.82;3376;-1112;14208
30.90;97680;307.90;1112;0;14056
30.80;97667;308.59;1516;-424;16228
30.80;97673;308.33;3824;-852;14516
30.80;97673;308.08;5644;-1440;15624
30.80;97673;308.50;8;-568;14352
30.90;97678;308.68;224;-492;15748
30.90;97668;308.59;264;-400;15428
30.90;97670;308.85;472;-456;15292
30.90;97674;308.68;204;-296;15352
30.90;97673;308.76;376;-444;15572
30.90;97671;308.93;452;-284;15480
30.90;97670;308.76;-1208;44;15388
30.90;97671;308.50;-3036;1052;15000
30.90;97674;309.71;-1384;868;15056
30.90;97663;309.19;2968;1932;12908
30.90;97676;308.93;2108;-964;13476
30.90;97665;309.28;-1124;540;15668
30.90;97658;309.96;-1764;-224;15288
30.90;97649;310.05;-1164;1924;15860
30.90;97647;310.22;-2108;1724;16768
30.90;97651;310.82;1764;-1072;17400
30.90;97648;310.73;-1224;-312;15732
30.90;97639;311.08;-1040;960;16304
30.90;97636;311.85;-1332;-48;16068
30.90;97633;311.76;2352;-268;14292
30.90;97625;311.76;1412;40;13912
30.90;97619;313.14;-748;1340;16248
30.90;97608;314.08;1384;1044;22152
30.90;97616;314.08;-912;1804;14564
30.90;97604;314.34;496;2864;14608
30.90;97598;314.94;76;2160;12332
30.90;97590;315.46;96;-1296;14480
30.90;97589;316.74;792;200;14708
30.90;97587;315.28;972;-328;15136
30.90;97582;316.06;-984;152;15276
30.90;97581;316.74;-512;2456;13156
30.90;97556;318.46;-6800;-1456;21604
30.90;97556;318.72;872;-1124;15868
30.90;97575;317.60;-80;-528;11572
30.90;97552;319.58;4236;-3656;22232
30.90;97537;320.69;-728;584;18256
30.90;97542;320.43;444;-1500;15408
30.90;97531;320.95;-316;32;16888
30.90;97511;321.72;-1072;-544;17508
30.90;97514;321.98;-476;2752;9776
30.90;97502;323.44;120;-2508;18272
30.90;97501;323.96;860;832;16484
30.90;97496;323.35;-880;1936;14684
30.90;97478;324.38;2784;-256;13892
30.90;97495;324.38;1720;656;14628
30.90;97490;324.99;2340;-1144;15564
30.90;97486;324.30;584;-232;15348
30.90;97460;326.27;-132;-176;14476
30.90;97459;326.96;664;0;15692
30.90;97464;325.41;1532;704;15360
31.00;97464;326.88;296;1576;18236
30.90;97459;326.70;208;296;15384
30.90;97450;326.96;-844;-928;16464
30.90;97449;328.17;896;-1008;15368
30.90;97440;328.59;840;-400;14764
30.90;97450;327.99;1272;-112;14552
30.90;97455;328.51;2176;-344;15212
30.90;97441;328.17;1684;-488;15448
30.90;97445;327.65;-484;-2092;17148
30.90;97445;327.22;1156;-1276;15952
30.90;97455;328.17;504;-1288;14368
30.90;97439;327.48;-576;-1400;18092
30.90;97448;328.94;480;-2304;14276
30.90;97440;328.68;764;-2636;15732
30.90;97439;328.25;500;-1660;15200
30.90;97450;328.51;-2240;-2004;19172
30.90;97449;327.65;1668;-260;15696
30.90;97434;328.51;2120;212;16272
30.90;97446;327.99;1000;992;15408
31.00;97455;326.96;1864;784;14348
31.00;97458;326.79;1468;-100;13224
31.00;97461;327.13;1252;352;14612
31.00;97444;328.17;512;948;16088
31.00;97463;326.79;360;-1732;16672
31.00;97467;326.88;852;-184;15108
31.00;97471;326.53;1508;1144;16488
31.00;97465;326.53;2256;-196;14840
31.00;97466;326.79;188;-724;15064
30.90;97456;327.05;1332;-256;15432
31.00;97462;327.13;1904;-3540;17832
31.00;97453;327.22;1744;956;15316
31.00;97456;327.82;816;-144;14876
31.00;97448;327.22;-1692;-844;16636
31.00;97442;328.85;-552;416;15072
31.00;97433;328.42;-832;-268;16272
31.00;97428;328.68;-1584;-216;14616
31.00;97422;329.97;-320;-1028;15500
31.00;97424;330.05;-712;-168;17664
31.00;97415;330.14;928;-1636;16896
31.00;97413;330.92;0;168;13644
31.00;97406;331.95;576;-160;17040
31.00;97396;331.86;500;-824;14980
31.00;97397;332.55;748;-756;14288
31.00;97381;333.84;-240;-1912;18780
31.00;97369;334.10;592;-1440;14760
31.00;97370;334.27;1676;-1276;17360
31.00;97378;334.87;1188;352;13876
31.00;97367;333.92;1916;44;18060
31.00;97364;335.21;1416;-872;14988
31.00;97359;335.47;1720;-44;16084
31.00;97351;335.99;1924;656;14988
31.00;97359;335.81;1524;-660;15640
31.00;97360;335.47;980;-572;15068
31.00;97356;335.99;-812;-792;14452
31.00;97344;336.68;-1920;452;15724
31.00;97332;337.79;732;-204;15644
31.00;97319;338.74;760;680;16236
31.00;97330;339.00;1520;5256;14668
31.00;97322;339.43;44;-244;14980
31.00;97318;339.43;888;-1052;13704
31.00;97312;340.29;-1428;-1060;15860
31.00;97308;339.60;1120;-1416;15768
31.00;97308;339.43;2904;-476;15156
31.00;97289;340.98;-332;48;13904
31.00;97289;340.63;-540;368;15692
31.00;97289;341.32;520;-580;18484
31.00;97293;341.32;4;-1048;16064
31.00;97292;341.49;1500;-804;15180
31.00;97287;341.84;740;988;13304
31.00;97294;340.89;1108;-1124;15132
31.00;97297;341.32;1412;708;10860
31.00;97291;341.41;4208;-844;15636
31.00;97292;340.38;3888;-68;14892
31.00;97306;340.55;2532;588;14852
31.00;97304;340.46;1308;28;15980
31.00;97300;341.49;1160;528;15280
31.00;97289;340.98;792;180;15380
31.00;97289;341.15;912;972;13880
31.10;97298;341.15;420;424;15068
31.10;97290;340.80;400;104;15208
31.10;97280;341.92;-1504;1060;15484
31.10;97287;342.27;72;-520;15824
31.10;97288;341.92;-252;-3368;15444
31.10;97283;342.96;-2056;-3016;15520
31.10;97277;343.38;-1212;-148;17088
31.10;97266;343.47;536;1036;14164
31.10;97252;344.33;-1072;-296;15832
31.10;97271;343.99;3984;-908;15652
31.10;97266;343.99;5624;-584;14944
31.10;97274;342.35;3616;-736;13856
31.10;97280;343.04;4960;1248;14740
31.10;97289;342.61;4308;-4;15852
31.10;97286;342.78;3120;-364;15632
31.10;97269;342.61;2048;216;15456
31.10;97283;342.44;1516;156;15440
31.10;97276;342.61;1096;256;15680
31.10;97281;342.44;1272;200;15364
31.10;97282;342.53;1240;248;15428
31.10;97279;342.01;1356;336;15264
31.10;97280;342.18;1168;284;15240
31.10;97280;342.61;1060;276;15188
31.10;97281;342.44;1184;396;15056
31.10;97280;342.35;1036;316;15092
31.10;97278;342.35;1164;328;15288
31.10;97280;342.61;1028;184;15352
31.10;97282;342.27;1088;228;15648
31.10;97281;342.27;900;144;15596
31.10;97280;342.10;-1400;800;14788
31.10;97282;342.53;-1788;1016;15456
31.10;97274;342.87;588;344;14656
31.10;97275;342.35;128;740;14816
31.10;97268;342.53;884;1628;13832
31.10;97273;343.04;744;-876;14420
31.10;97273;342.87;324;140;15188
31.10;97276;342.53;384;-1684;13604
31.10;97264;343.82;-100;-900;14500
31.10;97261;343.73;-328;748;13412
31.20;97257;344.33;-1360;1872;12364
31.20;97260;343.99;-176;-984;14592
31.10;97259;343.82;3304;-1852;16928
31.10;97255;345.02;2916;-2000;13120
31.10;97253;345.11;4620;-620;14632
31.10;97256;345.19;4748;-512;14348
31.10;97246;345.11;3128;-1088;18932
31.20;97248;345.02;1472;696;16536
31.10;97245;345.19;1028;288;14600
31.10;97240;345.62;2076;-1872;16340
31.20;97244;344.68;852;-1276;16168
31.10;97241;345.28;2376;292;15840
31.20;97243;345.28;824;-1500;15540
31.20;97249;345.45;1728;-1188;14960
31.10;97237;346.23;3016;484;14780
31.10;97240;345.28;2968;-952;15284
31.10;97234;345.71;1288;-516;14524
31.20;97236;345.54;632;-292;16136
31.20;97235;345.62;-1380;104;15440
31.20;97246;346.40;-448;920;15828
31.20;97235;346.14;-380;3200;15188
31.20;97228;346.40;2292;1480;15108
31.20;97235;346.66;-80;1952;15456
31.20;97227;347.00;-40;3228;15440
31.20;97210;347.86;-1932;296;17456
31.20;97212;347.86;-796;112;16124
31.20;97210;348.12;436;-3164;19708
31.20;97213;348.46;-2912;-5920;8944
31.20;97198;349.32;-908;-1460;13552
31.20;97191;350.01;244;-864;17948
31.20;97184;350.70;148;-1688;16564
31.20;97179;350.79;-3220;-1216;17236
31.20;97172;351.57;5700;-436;13616
31.20;97168;351.91;612;-2876;13308
31.20;97164;352.86;-788;-1700;11904
31.20;97162;353.29;-2032;-2672;15592
31.20;97146;354.15;-1280;-1956;15708
31.20;97130;354.32;164;1684;17052
31.20;97129;354.84;-2492;5220;22748
31.20;97135;355.10;88;1048;17080
31.20;97121;355.27;3700;-1260;16180
31.20;97124;355.87;-276;664;16648
31.20;97124;355.61;2916;-3384;15312
31.10;97121;355.35;148;-7332;14372
31.10;97126;355.53;-576;-5788;15252
31.20;97122;356.13;-1296;-5424;17064
31.20;97122;356.13;-996;-1576;15544
31.20;97119;356.65;-72;-180;13400
31.20;97107;356.99;-1348;-3948;16600
31.20;97107;356.82;-1404;-2988;14896
31.20;97103;357.08;1544;-2096;16288
31.20;97105;357.42;4572;-940;14508
31.20;97104;357.77;-856;984;11136
31.20;97094;358.20;384;524;17740
31.20;97086;358.80;628;-1304;13888
31.20;97090;358.97;2244;128;19688
31.20;97089;358.97;804;-3828;12708
31.20;97086;359.75;1364;2176;17476
31.20;97091;358.28;3328;-608;14288
31.20;97093;358.89;4196;-1716;15596
31.20;97088;358.37;2416;1004;15972
31.20;97086;359.06;1264;644;14872
31.20;97087;359.40;2088;564;16108
31.20;97083;359.15;2008;592;14600
31.20;97081;359.58;2048;1276;15016
31.20;97084;359.66;832;512;14432
31.20;97075;360.09;572;1508;14600
31.20;97087;359.40;884;-760;16448
31.20;97080;359.66;252;1136;14892
31.20;97089;358.80;632;208;16124
31.20;97092;358.89;3120;-44;14896
31.20;97092;358.20;4624;-52;15536
31.20;97100;357.77;5008;-396;14616
31.20;97104;357.34;4404;108;14640
31.20;97111;356.99;4100;140;15260
31.20;97106;357.25;2356;596;15620
31.20;97115;356.82;2600;596;14984
31.20;97115;356.99;1744;668;15036
31.20;97104;357.68;308;1108;15932
31.20;97103;357.42;-1472;964;15064
31.20;97106;357.25;1044;384;13720
31.20;97102;357.51;1060;1828;19020
31.20;97098;358.28;2972;-2440;12448
31.20;97103;357.77;-2120;2516;12808
31.20;97103;358.28;1740;1884;18060
31.20;97103;357.77;916;1460;14972
31.20;97101;357.68;-216;1780;16548
31.20;97089;358.28;-3772;-3364;18928
31.20;97100;357.34;1824;-548;15940
31.20;97110;357.34;1608;-472;15340
31.20;97101;357.59;308;-980;15392
31.20;97107;357.42;2756;996;15656
31.20;97110;356.99;1680;-844;17996
31.20;97115;356.99;1840;-3884;13368
31.20;97120;355.61;3120;-2172;16216
31.20;97138;354.75;148;-3892;19064
31.20;97159;353.11;3376;-3148;14916
31.20;97177;351.57;1988;-1920;16376
31.20;97178;351.31;1996;180;17592
31.20;97187;350.10;-200;-1680;15804
31.20;97203;350.36;-2816;812;14020
31.20;97188;350.27;-700;376;16868
31.20;97189;351.31;2628;-1544;15412
31.20;97187;350.70;1468;-1632;16760
31.20;97192;350.10;2060;3424;20220
31.20;97182;350.62;2752;-1000;13964
31.20;97193;350.10;3644;1884;16064
31.20;97187;350.19;4428;2860;11072
31.10;97194;350.44;-584;-468;16176
31.10;97195;350.70;2244;-380;15620
31.10;97184;350.01;-264;520;17280
31.10;97172;351.65;-204;-88;15604
31.10;97162;352.77;188;228;16644
31.10;97157;353.80;352;-1320;18700
31.10;97152;354.75;-220;-1720;15108
31.10;97136;354.15;1332;-2104;13796
31.10;97140;353.89;2712;-3184;14732
31.10;97144;353.89;2624;-5408;14832
31.10;97153;353.03;4108;5060;12684
31.10;97140;353.97;-2848;-80;17312
31.10;97126;355.61;-2796;504;15192
31.10;97108;357.08;-4380;-500;17628
31.10;97094;357.59;-2484;492;13444
31.10;97076;360.01;-1240;424;13964
31.10;97067;360.96;-1276;1980;15412
31.10;97055;362.34;272;1936;16572
31.10;97044;362.68;-776;1072;15872
31.10;97031;363.97;-84;1976;16072
31.10;97014;364.06;732;88;15924
31.10;97007;365.61;-2188;-2520;14132
31.10;96992;366.48;-500;-3960;10700
31.10;96983;368.72;100;-2240;15384
31.10;96962;369.93;-548;-848;17048
31.10;96958;370.36;868;1800;14560
31.10;96947;370.70;-1128;1596;17496
31.10;96954;370.53;1500;-584;15448
31.10;96945;372.43;-2508;-3804;15568
31.10;96930;372.60;-992;-1140;13920
31.00;96917;374.58;-3096;-4360;13608
31.00;96898;375.62;-1880;-5764;16324
31.00;96892;375.62;920;4964;15644
31.00;96879;377.00;1932;5012;15556
31.00;96870;377.69;2652;6744;16356
31.00;96854;379.16;1004;4240;14476
31.00;96838;379.94;-1052;32;14744
31.10;96827;381.32;-1592;2388;18956
31.10;96806;382.79;-4892;-2112;15820
31.10;96783;385.47;-2096;212;17128
31.10;96758;387.46;-1284;112;15052
31.10;96740;389.79;-3248;2916;14608
31.10;96708;391.52;-2924;4900;11560
31.10;96698;392.90;-1460;2280;12704
31.10;96684;393.76;-2004;-232;13684
31.10;96670;395.32;-344;-1588;16008
31.10;96649;396.36;544;-1972;16936
31.10;96650;397.14;372;-420;14664
31.10;96649;397.40;-336;-1500;11092
31.10;96628;398.00;-1616;-2712;15788
31.10;96635;398.78;-4024;-708;16948
31.10;96618;399.39;-2692;2248;16880
31.10;96611;400.34;-1664;3708;14620
31.10;96599;400.69;2092;2660;13272
31.10;96601;400.69;-1016;3416;8680
31.10;96602;401.03;2600;3704;13744
31.10;96603;400.77;2904;-420;17516
31.10;96609;400.43;3700;-2784;16252
31.10;96623;399.04;2528;-4196;14840
31.10;96625;399.22;1528;-3132;14428
31.10;96629;398.00;4092;3724;18536
31.10;96642;396.97;2828;-3440;16296
31.10;96669;395.32;4516;-1320;13172
31.10;96691;392.90;5528;880;15544
31.10;96712;391.26;4200;-620;15752
31.10;96740;389.27;7788;-1628;18200
31.00;96752;387.71;2880;-1536;17140
31.00;96754;387.46;772;564;15116
31.00;96748;387.37;2364;72;16088
31.00;96758;387.28;1024;1236;14076
31.00;96757;387.54;2212;240;15360
31.00;96761;387.54;1772;-112;16680
31.00;96771;386.42;2744;1992;17336
31.00;96787;384.78;3320;-3324;16844
31.00;96806;384.00;3984;-92;15156
31.00;96822;381.24;6412;-2704;15168
31.00;96840;379.59;5264;-1152;16504
31.00;96855;379.07;-1340;1140;6896
31.00;96863;378.81;4008;1724;15204
31.00;96868;377.61;3120;6068;15324
31.00;96872;377.87;1088;2648;20884
31.00;96864;378.56;-916;1664;15292
31.00;96856;379.68;-20;1332;15972
31.00;96861;379.07;4988;4440;16728
31.00;96845;380.37;588;3396;15408
31.00;96840;380.63;1184;4304;15916
31.00;96827;381.67;-2508;2624;15540
31.00;96807;382.96;-2240;3076;16012
31.00;96795;384.17;-1100;1920;13656
31.00;96781;384.95;1448;608;13660
31.00;96773;385.64;-716;1488;14696
31.00;96769;386.94;552;796;14096
31.00;96746;387.37;120;-796;14608
31.00;96742;388.67;-3532;1456;15196
31.00;96726;389.70;-384;3964;21344
31.00;96712;391.09;-2776;2032;17140
31.00;96704;391.95;3452;6456;11684
31.00;96692;392.90;-1272;-1608;18756
31.00;96677;394.02;-2680;-2004;12512
30.90;96668;395.15;-3164;-2080;15024
30.90;96650;396.53;-2520;96;16256
30.90;96640;397.66;-2852;2388;14020
30.90;96625;398.44;1332;-516;14088
30.90;96610;400.17;-760;1360;15184
30.90;96606;400.77;920;-744;13340
30.90;96603;401.55;2336;-2740;13788
30.90;96586;402.68;-3232;-384;16060
30.90;96565;403.46;-6576;-3484;21880
30.90;96550;405.10;-2488;380;14812
30.90;96538;406.23;596;-1952;14304
30.90;96538;406.14;872;-56;15028
30.90;96527;407.53;924;3864;14832
30.90;96522;407.87;2620;3832;14964
30.90;96511;408.48;268;-264;16100
30.90;96514;408.74;1096;748;17832
30.90;96510;408.31;1016;84;15596
30.90;96512;408.31;-4388;684;14576
30.90;96512;409.52;-3520;56;15404
31.00;96511;408.91;3608;3576;16080
31.00;96499;409.08;1288;1180;15432
30.90;96505;408.65;448;364;15040
31.00;96504;409.26;-980;2392;15864
30.90;96505;409.08;-420;2048;15752
30.90;96509;408.91;188;1912;14756
31.00;96506;408.82;-20;1956;15584
30.90;96506;409.26;84;1904;15136
31.00;96508;408.31;-188;1696;15328
30.90;96510;408.91;-20;1832;15376
31.00;96511;409.43;40;1960;15208
30.90;96505;408.82;48;1972;15132
30.90;96508;409.17;-132;1928;15460
30.90;96511;409.52;-36;1848;15148
30.90;96505;409.17;228;1960;14988
30.90;96503;408.91;40;1908;15088
30.90;96509;408.82;208;1880;15084
30.90;96499;408.91;-180;1948;15208
30.90;96506;409.43;-276;1716;15420
30.90;96507;409.34;176;1916;15244
30.90;96510;408.13;-220;1728;15416
30.90;96505;408.48;-308;1888;15500
30.90;96506;408.74;-168;1624;15456
30.90;96512;409.26;152;1892;15000
30.90;96508;408.82;108;1820;15392
30.80;96506;409.43;92;1960;15380
30.80;96515;408.74;124;2036;14920
30.80;96510;408.82;136;1736;15472
30.80;96503;409.00;68;2032;15340
30.80;96514;408.91;208;2236;15012
30.80;96502;408.91;-2292;3560;14736
30.80;96507;409.17;-3972;784;16896
30.80;96501;410.04;-1368;1628;15636
30.80;96501;409.17;1896;-872;15804
30.80;96507;409.69;2216;-740;15080
30.80;96502;409.26;2244;-900;15628
30.80;96502;409.78;1236;-24;15460
30.80;96501;409.26;652;-488;15436
30.90;96508;409.60;1180;300;15228
30.80;96505;409.26;1240;-56;15672
30.90;96502;409.95;1712;-32;14880
30.90;96501;409.17;952;-36;15544
30.90;96508;408.74;1132;-104;15508
30.90;96506;409.08;936;12;15432
30.90;96509;409.43;984;-40;15388
30.90;96509;409.17;796;-20;15640
30.90;96506;409.17;672;-248;15224
30.90;96503;409.78;700;-188;15532
30.90;96506;409.26;796;-64;15004
30.90;96507;409.60;808;-148;15180
30.90;96504;409.08;852;-132;15336
30.90;96505;409.78;1028;24;15188
30.90;96500;408.74;808;-76;15320
30.90;96500;409.60;596;-348;15200
30.90;96508;409.26;1372;2828;14972
30.90;96502;409.52;1928;-1168;13444
30.90;96504;409.43;-1140;-788;15976
30.90;96501;408.65;1076;-792;15144
30.90;96504;408.65;-256;-124;15328
30.90;96504;408.74;456;-1068;15636
30.90;96506;409.26;-912;-64;15740
30.80;96506;409.60;-712;-904;14236
30.80;96503;409.08;2248;324;15736
30.80;96506;409.17;124;348;15156
30.80;96506;409.00;-2160;360;14560
30.80;96504;409.60;-1804;-556;13068
30.30;96495;409.60;-1924;-948;13336
30.60;96503;409.34;-2540;144;15832
30.50;96499;409.52;68;784;15220
30.50;96506;409.52;-1540;644;15420
30.40;96508;409.00;-2052;508;15044
30.40;96465;409.17;-3472;-224;17284
30.30;96500;409.43;-1112;-1124;15416
30.20;96499;409.86;-1664;100;13000
30.20;96492;410.56;644;860;11332
30.10;96485;411.51;-1360;1388;14836
30.00;96470;412.46;-2940;1104;14620
29.90;96471;412.29;-1696;580;10172
29.90;96468;411.86;1480;684;15936
30.00;96463;412.81;-1060;624;15700
29.90;96476;412.20;3584;1804;16096
30.00;96472;412.20;-844;5068;15500
30.00;96465;411.86;2144;2244;14720
30.00;96471;411.86;928;1428;14968
30.00;96472;411.77;2176;2128;14844
30.00;96471;412.03;-128;1716;17088
30.00;96474;411.59;2016;1096;14560
30.00;96466;412.20;1312;1260;15252
30.00;96477;412.12;-408;2604;18696
29.90;96477;411.59;-1464;548;20536
29.90;96475;412.03;-1472;-204;21764
29.90;96480;411.51;1116;600;16596
29.80;96480;411.86;-2388;-728;16500
29.80;96477;411.77;-248;864;13640
29.80;96480;411.68;872;1556;13072
29.80;96476;411.08;444;688;11960
29.80;96475;412.03;180;1836;13856
29.80;96472;412.64;1960;136;22944
29.80;96451;412.55;148;-1588;16464
29.80;96451;413.94;-1108;-476;11684
29.80;96448;413.76;-328;-816;22812
29.80;96447;414.54;-564;360;15716
29.80;96437;414.89;1860;-356;17916
29.80;96447;414.45;-984;-852;13684
29.80;96438;414.54;152;-860;11540
29.80;96440;414.63;20;1164;15680
29.80;96450;414.63;1616;2600;16640
29.80;96444;414.72;452;-440;15324
29.80;96442;414.63;-76;1864;15352
29.80;96444;414.54;844;-2308;14856
29.80;96443;414.11;-460;652;14508
29.90;96444;414.45;872;-1224;14952
29.80;96451;414.72;2080;1132;17932
29.90;96452;414.19;1420;488;17848
29.80;96447;414.54;120;-1368;20992
29.80;96442;414.97;-3656;-444;18452
29.80;96436;414.54;664;-1464;14948
29.80;96436;414.54;908;-4412;14036
29.80;96446;414.19;232;-3244;11956
29.80;96444;414.45;144;-1572;13520
29.80;96442;414.28;212;-1232;14496
29.80;96446;414.02;-1092;2524;17376
29.80;96451;414.19;1224;-168;15392
29.80;96450;414.19;1316;-128;15488
29.90;96453;414.11;1256;-120;15280
29.80;96454;413.76;1016;-108;15500
